{"text": " This ends with a hit to to go next, how hard is it to instead of this stalling word is just continuing with the smaller models asking if there's a critical stop, otherwise just continuing basically doing the asking through discord here.", "segments": [{"id": 0, "seek": 0, "start": 0.0, "end": 23.0, "text": " This ends with a hit to to go next, how hard is it to instead of this stalling word is just continuing with the smaller models asking if there's a critical stop, otherwise just continuing basically doing the asking through discord here.", "tokens": [50364, 639, 5314, 365, 257, 2045, 281, 281, 352, 958, 11, 577, 1152, 307, 309, 281, 2602, 295, 341, 19633, 278, 1349, 307, 445, 9289, 365, 264, 4356, 5245, 3365, 498, 456, 311, 257, 4924, 1590, 11, 5911, 445, 9289, 1936, 884, 264, 3365, 807, 32989, 510, 13, 51514], "temperature": 0.0, "avg_logprob": -0.3351630401611328, "compression_ratio": 1.5945945945945945, "no_speech_prob": 0.03960777446627617}], "language": "en"}