{"text": " I expected this to have the GPU utilization string attached to it.", "segments": [{"id": 0, "seek": 0, "start": 0.0, "end": 9.0, "text": " I expected this to have the GPU utilization string attached to it.", "tokens": [50364, 286, 5176, 341, 281, 362, 264, 18407, 37074, 6798, 8570, 281, 309, 13, 50814], "temperature": 0.0, "avg_logprob": -0.3580508232116699, "compression_ratio": 0.9428571428571428, "no_speech_prob": 0.016731157898902893}], "language": "en"}